tweet_id,created_at,user_id,text,clean_text,hashtags,mentions,language,retweet_count,like_count,sentiment,polarity,subjectivity,party,state
1881264622109675955,2025-01-20 08:56:52+00:00,1864915184713654272,"Congress MP Rakesh Rathore's Shocking Call Recording Leaked! üö®
Congress MP Rakesh Rathore faces serious allegations of sexual exploitation, with a leaked call recording where he allegedly promises marriage to the woman.

An FIR has been filed, but UP police have yet to verify‚Ä¶ https://t.co/mWfJz8iT46 https://t.co/nYLcC0nDtj","congress mp rakesh rathores shocking call recording leaked 
congress mp rakesh rathore faces serious allegations of sexual exploitation with a leaked call recording where he allegedly promises marriage to the woman

an fir has been filed but up police have yet to verify  ",[],[],en,0,0,Unknown,0,0,Unknown,Unknown
1881264615830732921,2025-01-20 08:56:51+00:00,15177152,"@andrewbogut @elonmusk @Jason @chamath @DavidSacks @friedberg @joerogan You don‚Äôt have to dig very hard @andrewbogut to see why.

AAP whom has to big $$ contract with Meta and Google - is headed up by Lisa Davies. Lifetime left wing journo. Her buddies at Google Aust are just as echo chambered.

DEI‚Äôs to the max, unbiased to the lax.

Just grifters. https://t.co/9khWtYZAGc","       you dont have to dig very hard  to see why

aap whom has to big  contract with meta and google  is headed up by lisa davies lifetime left wing journo her buddies at google aust are just as echo chambered

deis to the max unbiased to the lax

just grifters ",[],"['andrewbogut', 'elonmusk', 'Jason', 'chamath', 'DavidSacks', 'friedberg', 'joerogan', 'andrewbogut']",en,0,0,Unknown,0,0,Unknown,Unknown
1881264609988124754,2025-01-20 08:56:49+00:00,1829828092019236864,"@Politicx2029 AAP: 30
BJP: 30
Congress: 10
üòÅ

https://t.co/732fIj3bsW"," aap 30
bjp 30
congress 10


",[],['Politicx2029'],en,0,0,Unknown,0,0,Unknown,Unknown
1881264599393284478,2025-01-20 08:56:47+00:00,1459720679624830977,@gupta_rekha @narendramodi @AmitShah @JPNadda @VanathiBJP @PandaJay @BJP4India @BJP4Delhi @praveendel @Virend_Sachdeva @alka_gurjar Leadership aur commitment BJP ka integral part hai.,           leadership aur commitment bjp ka integral part hai,[],"['gupta_rekha', 'narendramodi', 'AmitShah', 'JPNadda', 'VanathiBJP', 'PandaJay', 'BJP4India', 'BJP4Delhi', 'praveendel', 'Virend_Sachdeva', 'alka_gurjar']",en,0,0,Unknown,0,0,Unknown,Unknown
1881264599120679054,2025-01-20 08:56:47+00:00,1262758101188374530,"@_iamblakeley @zei_squirrel Zuckerburg, the ADL and AIPAC. 

Congress are cracking down on anything pro-Palestinian on behalf of their owners.","  zuckerburg the adl and aipac 

congress are cracking down on anything propalestinian on behalf of their owners",[],"['_iamblakeley', 'zei_squirrel']",en,0,0,Unknown,0,0,Unknown,Unknown
1881264596733833353,2025-01-20 08:56:46+00:00,1428187748469383176,"As part of the ongoing Sangthan Parv (Organisational Elections), the following karyakartas have been elected as the District Presidents of BJP Tripura with immediate effect.

I heartily congratulate them and wish them all success in strenthening the Organisation at the grassroots https://t.co/kND4roI2Nu","as part of the ongoing sangthan parv organisational elections the following karyakartas have been elected as the district presidents of bjp tripura with immediate effect

i heartily congratulate them and wish them all success in strenthening the organisation at the grassroots ",[],[],en,0,0,Unknown,0,0,Unknown,Unknown
1881264592812384625,2025-01-20 08:56:45+00:00,1821829985612787715,"@DushyantNaagar @RahulGandhi Is this a newly occurring phenomenon only from 2014 ?

What Pew does in their research as suggestive and deepening divide is not hidden.

To use Pew research on automation is laughable. 

What congress does to use caste, religion, reservation and to destroy unity is known.","  is this a newly occurring phenomenon only from 2014 

what pew does in their research as suggestive and deepening divide is not hidden

to use pew research on automation is laughable 

what congress does to use caste religion reservation and to destroy unity is known",[],"['DushyantNaagar', 'RahulGandhi']",en,0,0,Unknown,0,0,Unknown,Unknown
1881264585040347206,2025-01-20 08:56:43+00:00,100699109,@JPNadda @narendramodi BJP has moved away from its principles on freebies. Sankalpa Patra in Delhi - not good for economy and disappointing due to freebees.,  bjp has moved away from its principles on freebies sankalpa patra in delhi  not good for economy and disappointing due to freebees,[],"['JPNadda', 'narendramodi']",en,0,0,Unknown,0,0,Unknown,Unknown
1881264570268066260,2025-01-20 08:56:40+00:00,1881263209178673152,"10 years of BJP rule, yet NCERT textbooks still glorify invaders who attacked India while sidelining our heroes who defended the nation. Where are the chapters on Maharana Pratap, Rani Lakshmibai, and Shivaji? It‚Äôs time to rewrite our history with pride. #RewriteNCERTHistory https://t.co/8C19dEQGV0",10 years of bjp rule yet ncert textbooks still glorify invaders who attacked india while sidelining our heroes who defended the nation where are the chapters on maharana pratap rani lakshmibai and shivaji its time to rewrite our history with pride rewritencerthistory ,['RewriteNCERTHistory'],[],en,0,0,Unknown,0,0,Unknown,Unknown
1881264566375748031,2025-01-20 08:56:39+00:00,1353370880,@NidaKirmani @nimspspsps They dont see it because this country is for more fair and just to minorities than any place on earth. People from Nigeria or East asia or India can Congress here and make more than white people. Its just than people get made mentally ill/delusional when they go to college in usa,  they dont see it because this country is for more fair and just to minorities than any place on earth people from nigeria or east asia or india can congress here and make more than white people its just than people get made mentally illdelusional when they go to college in usa,[],"['NidaKirmani', 'nimspspsps']",en,0,0,Unknown,0,0,Unknown,Unknown
1881264565754957866,2025-01-20 08:56:39+00:00,1870838696892616705,@PavanRanaRSS What a fantastic victory by our Kho Kho champions! üèÜüëè Kudos to BJP‚Äôs efforts through #KheloIndia for promoting traditional sports like Kho Kho! üáÆüá≥‚ú® #KhoKhoChampions #BJPForSports, what a fantastic victory by our kho kho champions  kudos to bjps efforts through kheloindia for promoting traditional sports like kho kho  khokhochampions bjpforsports,"['KheloIndia', 'KhoKhoChampions', 'BJPForSports']",['PavanRanaRSS'],en,0,0,Unknown,0,0,Unknown,Unknown
1881264563259310337,2025-01-20 08:56:38+00:00,1088174317,"@BowesChay @realDonaldTrump @elonmusk @RT The US is in the hands of Israeli fascist Zionism, the entire Congress and the presidents have been funded by AIPAC, Israeli Zionist lobby, they are in every position of power of influence of the US economy a truth. They don't want to see Americans.",    the us is in the hands of israeli fascist zionism the entire congress and the presidents have been funded by aipac israeli zionist lobby they are in every position of power of influence of the us economy a truth they dont want to see americans,[],"['BowesChay', 'realDonaldTrump', 'elonmusk', 'RT']",en,0,0,Unknown,0,0,Unknown,Unknown
1881264561392873711,2025-01-20 08:56:38+00:00,4297882274,@Judgenap Congress wrote the Bill to Force Sale/Ban #TicToc had invested millions in META stocks bcz the corruptCongress anticipated Sale of TicToc to META in order to make $$$$$$$ on META stocks while millions of GenZ who make a living on TicToc lose BIG https://t.co/36m1uDRPOB, congress wrote the bill to force saleban tictoc had invested millions in meta stocks bcz the corruptcongress anticipated sale of tictoc to meta in order to make  on meta stocks while millions of genz who make a living on tictoc lose big ,['TicToc'],['Judgenap'],en,0,0,Unknown,0,0,Unknown,Unknown
1881264558968598537,2025-01-20 08:56:37+00:00,1395334671811047425,@bindass_ladki @dhruv_rathee this man is the biggest scam in indian politics- created by the RSS to infiltrate and fragment the opposition - congress should never have trusted him - if Dhruv rathee is genuine then he will expose this man üëáüèªüëáüèªüëáüèªüëáüèªüëáüèªhttps://t.co/0PJdycpBuk,  this man is the biggest scam in indian politics created by the rss to infiltrate and fragment the opposition  congress should never have trusted him  if dhruv rathee is genuine then he will expose this man ,[],"['bindass_ladki', 'dhruv_rathee']",en,0,0,Unknown,0,0,Unknown,Unknown
1881264555809972493,2025-01-20 08:56:36+00:00,1559221436220416002,"@TimesAlgebraIND üî• Kanhaiya Kumar's Disrespectful Remarks on Lord Ram!

Senior Congress leader Kanhaiya Kumar questions, ""Who will tell where RAM was born?""‚Äîa blatant display of ignorance and insensitivity towards Sanatan Dharma. Such statements not only hurt the sentiments of millions but also‚Ä¶ https://t.co/sl07ITGs47","  kanhaiya kumars disrespectful remarks on lord ram

senior congress leader kanhaiya kumar questions who will tell where ram was borna blatant display of ignorance and insensitivity towards sanatan dharma such statements not only hurt the sentiments of millions but also ",[],['TimesAlgebraIND'],en,0,0,Unknown,0,0,Unknown,Unknown
1881264544791904405,2025-01-20 08:56:34+00:00,1693643572384272384,"PM congratulates the Indian Men‚Äôs team on winning the Kho Kho World Cup
https://t.co/zkTtABB9W8 via NaMo App https://t.co/YGTTCaqFP8","pm congratulates the indian mens team on winning the kho kho world cup
 via namo app ",[],[],en,0,0,Unknown,0,0,Unknown,Unknown
1881264539968352486,2025-01-20 08:56:33+00:00,1681050086837747712,"Believe me #karanveeraMehra won through public voting ü§£üòÇüò≠

Kya @BiggBoss itna dar tha üíÄ

#RajatDalal bhai aap hamesa top p rahe ho pure season üî•üî• 

#ElvishYadav #ElvishArmy https://t.co/Jjy78bOZBi","believe me karanveeramehra won through public voting 

kya  itna dar tha 

rajatdalal bhai aap hamesa top p rahe ho pure season  

elvishyadav elvisharmy ","['karanveeraMehra', 'RajatDalal', 'ElvishYadav', 'ElvishArmy']",['BiggBoss'],en,0,0,Unknown,0,0,Unknown,Unknown
1881264526773108758,2025-01-20 08:56:30+00:00,1879438147542814720,@attorneybharti AAP ka water management ‚Äì Har ghar me ‚ÄúNo Water‚Äù supply guaranteed! üö±, aap ka water management  har ghar me no water supply guaranteed ,[],['attorneybharti'],en,0,0,Unknown,0,0,Unknown,Unknown
1881264525825159617,2025-01-20 08:56:29+00:00,1311547180943990784,"#PrimeMinister Narendra Modi's agenda for #India involves a strong commitment to #Greentechnology, #ElectricVehicles, #HydrogenFuel, and #Biofuels.

To know more about it read our full article here:
https://t.co/bG1RcX1k3A
.
#TheMainstream #technews #AITechnology # #GreenFuture https://t.co/x5BJfjraLg","primeminister narendra modis agenda for india involves a strong commitment to greentechnology electricvehicles hydrogenfuel and biofuels

to know more about it read our full article here


themainstream technews aitechnology  greenfuture ","['PrimeMinister', 'India', 'Greentechnology', 'ElectricVehicles', 'HydrogenFuel', 'Biofuels', 'TheMainstream', 'technews', 'AITechnology', 'GreenFuture']",[],en,0,0,Unknown,0,0,Unknown,Unknown
1881264520074776612,2025-01-20 08:56:28+00:00,1657400970937024517,"Contrary to popular belief, AAP and BJP were in a close fight for more than 35 seats in 2020. 

If the anti-incumbency against AAP becomes the prevailing factor, the BJP could be looking at these potentially winnable seats in 2025. https://t.co/M513yTuEni","contrary to popular belief aap and bjp were in a close fight for more than 35 seats in 2020 

if the antiincumbency against aap becomes the prevailing factor the bjp could be looking at these potentially winnable seats in 2025 ",[],[],en,0,0,Unknown,0,0,Unknown,Unknown
1881264507181261017,2025-01-20 08:56:25+00:00,995328305279549440,"He's AAP, yes. I know. Heard it? Happy hearing I know?
Indian democracy is broader than Delhi elections. I'll focus on Congress's development in Delhi without ignoring his help in past and future general elections. I didn't expect Dhruv to be INC, nor do I expect him to only post‚Ä¶ https://t.co/Tne6157p5z https://t.co/e0ZcSgLAl9","hes aap yes i know heard it happy hearing i know
indian democracy is broader than delhi elections ill focus on congresss development in delhi without ignoring his help in past and future general elections i didnt expect dhruv to be inc nor do i expect him to only post  ",[],[],en,0,0,Unknown,0,0,Unknown,Unknown
1881264503352070483,2025-01-20 08:56:24+00:00,926513760923107328,@cryptoamanclub Aap bhi Official aman meme coin bana do, aap bhi official aman meme coin bana do,[],['cryptoamanclub'],en,0,0,Unknown,0,0,Unknown,Unknown
1881264492124033400,2025-01-20 08:56:21+00:00,1421072389400453126,@_amitbehere Interesting analysis and equally intriguing is the fact that no congress leader has faced such hostile conditions ., interesting analysis and equally intriguing is the fact that no congress leader has faced such hostile conditions ,[],['_amitbehere'],en,0,0,Unknown,0,0,Unknown,Unknown
1881264461392359713,2025-01-20 08:56:14+00:00,1244269545675583489,"So for anybody who defends Israel, how do you defend this pedophile rule? Like most of Congress does. https://t.co/p5tf49hQzy",so for anybody who defends israel how do you defend this pedophile rule like most of congress does ,[],[],en,0,0,Unknown,0,0,Unknown,Unknown
1881264452626219251,2025-01-20 08:56:12+00:00,1681371370830307334,"@bindass_ladki I condemn this ..momos are very harmful for a very ill person like kejriwal( describe in his jail term), hes trying to make him sick , BJP ka band hai ye üòÇüòÇ", i condemn this momos are very harmful for a very ill person like kejriwal describe in his jail term hes trying to make him sick  bjp ka band hai ye ,[],['bindass_ladki'],en,0,0,Unknown,0,0,Unknown,Unknown
1881264448473858339,2025-01-20 08:56:11+00:00,1870838696892616705,@visshnumittal Big salute to the Kho Kho team for their victory! üôåüèÜ BJP‚Äôs initiatives like Khelo India are turning dreams into reality. üíôüáÆüá≥ #KhoKhoVictory #BJPForAthletes #IndiaRising, big salute to the kho kho team for their victory  bjps initiatives like khelo india are turning dreams into reality  khokhovictory bjpforathletes indiarising,"['KhoKhoVictory', 'BJPForAthletes', 'IndiaRising']",['visshnumittal'],en,0,0,Unknown,0,0,Unknown,Unknown
1881264430102859874,2025-01-20 08:56:06+00:00,2555286540,@ImtiyazaliINC @INCDelhi @INCIndia @ajaymaken @qazinizamuddin @LambaAlka @NayakRagini @kcvenugopalmp @Deepakkhatri812 @SupriyaShrinate Congress for Delhi people,          congress for delhi people,[],"['ImtiyazaliINC', 'INCDelhi', 'INCIndia', 'ajaymaken', 'qazinizamuddin', 'LambaAlka', 'NayakRagini', 'kcvenugopalmp', 'Deepakkhatri812', 'SupriyaShrinate']",en,0,0,Unknown,0,0,Unknown,Unknown
1881264417842811031,2025-01-20 08:56:04+00:00,1825199252231913472,@KALKI_SENAA_ @Jitendr33062168 @lala_pandi27801 @ArunKosli @voice_of_hindu2 @Uppolice @dgpup @moradabadpolice @DMMoradabad @spgrpmoradabad @namrtaqueen @drpappuchikna03 @Bebak_ladki0 @AvkushSingh @bhimtokabap_13 Modi -bjp  ka paid worker,               modi bjp  ka paid worker,[],"['KALKI_SENAA_', 'Jitendr33062168', 'lala_pandi27801', 'ArunKosli', 'voice_of_hindu2', 'Uppolice', 'dgpup', 'moradabadpolice', 'DMMoradabad', 'spgrpmoradabad', 'namrtaqueen', 'drpappuchikna03', 'Bebak_ladki0', 'AvkushSingh', 'bhimtokabap_13']",en,0,0,Unknown,0,0,Unknown,Unknown
1881264402537800035,2025-01-20 08:56:00+00:00,3022661970,@ArvindKejriwal Neutral dog promoted AAP Propaganda like no one else. https://t.co/6mZr9nDIDu, neutral dog promoted aap propaganda like no one else ,[],['ArvindKejriwal'],en,0,1,Unknown,0,0,Unknown,Unknown
1881264401757733311,2025-01-20 08:56:00+00:00,1858493805756022785,"Police Arresting Farmers for Opposing Mining

Women farmers take to the streets with liquor bottles in protest.
 Nagarkurnool district, Balmur Mandal, Mailaram village, police have arrested villagers and farmers illegally.

#congress #revanthreddy  #brsparty #bjptelangana https://t.co/mLw4Hhmrst","police arresting farmers for opposing mining

women farmers take to the streets with liquor bottles in protest
 nagarkurnool district balmur mandal mailaram village police have arrested villagers and farmers illegally

congress revanthreddy  brsparty bjptelangana ","['congress', 'revanthreddy', 'brsparty', 'bjptelangana']",[],en,0,0,Unknown,0,0,Unknown,Unknown
1881264399257919994,2025-01-20 08:55:59+00:00,1693819453941952512,"The Third Session of the 14th Shandong Provincial People's Congress opened in Jinan on January 20. The government work report pointed out in 2024, Shandong achieved a total GDP of 9.86 trillion yuan, an increase of 5.7%, 0.7 percentage points higher than the national average. https://t.co/aWJwDyBzlh",the third session of the 14th shandong provincial peoples congress opened in jinan on january 20 the government work report pointed out in 2024 shandong achieved a total gdp of 986 trillion yuan an increase of 57 07 percentage points higher than the national average ,[],[],en,0,0,Unknown,0,0,Unknown,Unknown
1881264394027540860,2025-01-20 08:55:58+00:00,1836984202958389248,@tedcruz A civics and an economics exam should be given to all of Congress.  Don't get me started on the annual IRS audit they should go through...., a civics and an economics exam should be given to all of congress  dont get me started on the annual irs audit they should go through,[],['tedcruz'],en,0,0,Unknown,0,0,Unknown,Unknown
1881264376969310714,2025-01-20 08:55:54+00:00,299033735,"@DealsDhamaka And opposition we know will built upon the tax loot BJP has established upon &amp; are going to go 1-2 notches higher while not delivering anything.
Again same 2012 wali feeling of hopelessness is high amongst ppl.
Also, d Freebee culture will bring downfall of our whole nation."," and opposition we know will built upon the tax loot bjp has established upon amp are going to go 12 notches higher while not delivering anything
again same 2012 wali feeling of hopelessness is high amongst ppl
also d freebee culture will bring downfall of our whole nation",[],['DealsDhamaka'],en,0,1,Unknown,0,0,Unknown,Unknown
1881264365539594349,2025-01-20 08:55:51+00:00,1737737173162401792,"Doctors &amp;amp; Taxpayers Against Genocide - CODEPINK Congress Capitol Calling Party
Join CODEPINK Congress as we educate, activate and mobilize for peace legislation!

Doctors Against Genocide and Taxpayers Against...

Read More:
https://t.co/oEA4Vcsh40 https://t.co/QBYk6uOA12","doctors ampamp taxpayers against genocide  codepink congress capitol calling party
join codepink congress as we educate activate and mobilize for peace legislation

doctors against genocide and taxpayers against

read more
 ",[],[],en,0,0,Unknown,0,0,Unknown,Unknown
1881264349135950075,2025-01-20 08:55:47+00:00,1118042740523032576,"Israel releases new map of Greater Israel on Social Media showimfmoarts of Palestine,  Syria,  Jordan as ts own. Must watch share and subscribe my channel ISRG. 
#pak #sstvi #RajatDalal
#china #chinese #bjp #congress #kejriwal #bangla #Israel
#TikTok
https://t.co/yVz3FJKxkg","israel releases new map of greater israel on social media showimfmoarts of palestine  syria  jordan as ts own must watch share and subscribe my channel isrg 
pak sstvi rajatdalal
china chinese bjp congress kejriwal bangla israel
tiktok
","['pak', 'sstvi', 'RajatDalal', 'china', 'chinese', 'bjp', 'congress', 'kejriwal', 'bangla', 'Israel', 'TikTok']",[],en,0,0,Unknown,0,0,Unknown,Unknown
1881264342508953873,2025-01-20 08:55:46+00:00,1293202998282186753,"üéØDebt-to-Equity Ratio: 
0.5 (low leverage, indicating financial stability)(low leverage, indicating financial stability)

‚úçÔ∏èEarnings Ratios:

‚úÖÔ∏èEPS: ‚Çπ5.2

‚úÖÔ∏èEstimated P/E Ratio: 16-18x

‚úçÔ∏è Object of the Offer:-

‚úÖÔ∏èCapacity Expansion: #modi #VivianDsena #MahaKumbhMela2025","debttoequity ratio 
05 low leverage indicating financial stabilitylow leverage indicating financial stability

earnings ratios

eps 52

estimated pe ratio 1618x

 object of the offer

capacity expansion modi viviandsena mahakumbhmela2025","['modi', 'VivianDsena', 'MahaKumbhMela2025']",[],en,0,0,Unknown,0,0,Unknown,Unknown
1881264333512212819,2025-01-20 08:55:43+00:00,1293202998282186753,"‚úçÔ∏èFinancial Ratios:-

‚úÖÔ∏èGross Profit Margin: Stallion: 45.6% vs Industry Avg: ~42%

‚úÖÔ∏èDebt-to-Equity Ratio: Stallion: 0.5 vs SRF: 0.6

‚úÖÔ∏èEPS: Stallion: ‚Çπ5.2; higher potential for growth post-IPO.
#MahaKumbh2025 #violenciaazotaam√©xico #KaranveerMehraìÉµ #modi #MahaKumbh2025","financial ratios

gross profit margin stallion 456 vs industry avg 42

debttoequity ratio stallion 05 vs srf 06

eps stallion 52 higher potential for growth postipo
mahakumbh2025 violenciaazotaam√©xico karanveermehraìÉµ modi mahakumbh2025","['MahaKumbh2025', 'violenciaazotaam√©xico', 'KaranveerMehraìÉµ', 'modi', 'MahaKumbh2025']",[],en,0,0,Unknown,0,0,Unknown,Unknown
1881264324913885581,2025-01-20 08:55:41+00:00,1543255343933046785,Why he has prob if abhi and niyu supports bjp . Let them. Why take moral stand. https://t.co/QBi7Q0tlyJ,why he has prob if abhi and niyu supports bjp  let them why take moral stand ,[],[],en,0,2,Unknown,0,0,Unknown,Unknown
1881264314692305179,2025-01-20 08:55:39+00:00,1293202998282186753,"‚úÖNet Profit Margin: 8.2%

‚úÖÔ∏èDebt-to-Equity Ratio: 0.5

‚úÖÔ∏èP/E Ratio: ~16-18x (IPO valuation)

‚úçÔ∏èSummary for Investors:-

‚úÖÔ∏èNavin Fluorine leads the industry in profitability due to its niche focus on high-margin products
#VivianDsena #IPOAlert #modi 
#Trump #StallionIndia","net profit margin 82

debttoequity ratio 05

pe ratio 1618x ipo valuation

summary for investors

navin fluorine leads the industry in profitability due to its niche focus on highmargin products
viviandsena ipoalert modi 
trump stallionindia","['VivianDsena', 'IPOAlert', 'modi', 'Trump', 'StallionIndia']",[],en,0,1,Unknown,0,0,Unknown,Unknown
1881264306446274622,2025-01-20 08:55:37+00:00,1709480871428804608,"This is the state everywhere and we have had enough!!!
We say 
NO TO KEJRIWAL
NO TO AAP

#Voteforchange
#Votefordevelopment
#BJPKeSankalp https://t.co/mLAy8EgQEM","this is the state everywhere and we have had enough
we say 
no to kejriwal
no to aap

voteforchange
votefordevelopment
bjpkesankalp ","['Voteforchange', 'Votefordevelopment', 'BJPKeSankalp']",[],en,0,1,Unknown,0,0,Unknown,Unknown
1881264299777368384,2025-01-20 08:55:35+00:00,1880294587945680896,@Watch_man8 @vijayshan Why would people waste their votes on BJP? If they wanna defeat DMK then they‚Äôll vote for ADMK. Even DMK under Karuna have seen their worst pace they got just 22% in 2014 lok Sabha but bounced back and formed government in 2021. No one can rule TN apart from ADMK and DMK.,  why would people waste their votes on bjp if they wanna defeat dmk then theyll vote for admk even dmk under karuna have seen their worst pace they got just 22 in 2014 lok sabha but bounced back and formed government in 2021 no one can rule tn apart from admk and dmk,[],"['Watch_man8', 'vijayshan']",en,0,0,Unknown,0,0,Unknown,Unknown
1881264297919283647,2025-01-20 08:55:35+00:00,208747547,"After attending a very successful party congress, the parliamentary committees continue - and, at my Dodoma home office/library, time to start my first book of the year on what‚Äôs happening in Europe‚Äôs largest economy. The book was a New Year‚Äôs gift from a dear friend. https://t.co/7765eZG1LO",after attending a very successful party congress the parliamentary committees continue  and at my dodoma home officelibrary time to start my first book of the year on whats happening in europes largest economy the book was a new years gift from a dear friend ,[],[],en,0,2,Unknown,0,0,Unknown,Unknown
1881264296417730874,2025-01-20 08:55:35+00:00,1296623835874127872,@Vivekpandit2024 Only BJP can do it, only bjp can do it,[],['Vivekpandit2024'],en,0,1,Unknown,0,0,Unknown,Unknown
1881264295524352198,2025-01-20 08:55:34+00:00,1293202998282186753,"‚úçÔ∏èStrengths:-

‚úÖÔ∏èCompetitive pricing due to operational efficiency

‚úÖÔ∏èFocus on new-age fluoropolymers and specialty chemicals

‚úçÔ∏èWeaknesses:-

‚úÖÔ∏èVolatility in raw material pricing can impact margins. #IPOAlert #IPOListing #MaheshBabu #MahaKumbh2025 #modi #stallionindia #Tik","strengths

competitive pricing due to operational efficiency

focus on newage fluoropolymers and specialty chemicals

weaknesses

volatility in raw material pricing can impact margins ipoalert ipolisting maheshbabu mahakumbh2025 modi stallionindia tik","['IPOAlert', 'IPOListing', 'MaheshBabu', 'MahaKumbh2025', 'modi', 'stallionindia', 'Tik']",[],en,0,0,Unknown,0,0,Unknown,Unknown
1881264291619524739,2025-01-20 08:55:33+00:00,1293202998282186753,"‚úÖÔ∏èDebt-to-Equity Ratio: 0.6

‚úÖÔ∏èP/E Ratio: ~28.6x

3. Gujarat Fluorochemicals

‚úçÔ∏è Export-Oriented Growth:-

‚úÖÔ∏èOver 50% of revenue comes from international markets, driven by specialized chemicals.
#MahaKumbh2025 #KumbhMela #Kumbh2025 #nashik #MahaKumbhMela2025 #modi","debttoequity ratio 06

pe ratio 286x

3 gujarat fluorochemicals

 exportoriented growth

over 50 of revenue comes from international markets driven by specialized chemicals
mahakumbh2025 kumbhmela kumbh2025 nashik mahakumbhmela2025 modi","['MahaKumbh2025', 'KumbhMela', 'Kumbh2025', 'nashik', 'MahaKumbhMela2025', 'modi']",[],en,0,0,Unknown,0,0,Unknown,Unknown
1881264282341613957,2025-01-20 08:55:31+00:00,1293202998282186753,"2. SRF

‚úçÔ∏èDiversified Operations:-

‚úÖÔ∏èInvolved in chemicals, packaging films &amp; technical textiles

‚úçÔ∏èStrengths:-

‚úÖÔ∏èRobust export revenue contributing significantly to overall growth

‚úÖÔ∏èOperational efficiencies from economies of scale #modi #MahaKumbh2025 #modikagaurav","2 srf

diversified operations

involved in chemicals packaging films amp technical textiles

strengths

robust export revenue contributing significantly to overall growth

operational efficiencies from economies of scale modi mahakumbh2025 modikagaurav","['modi', 'MahaKumbh2025', 'modikagaurav']",[],en,0,0,Unknown,0,0,Unknown,Unknown
1881264275572048052,2025-01-20 08:55:30+00:00,1293202998282186753,"‚úÖÔ∏èDependency on a few high-value products makes the business vulnerable to demand fluctuations.

‚úçÔ∏èKey Ratios:-

‚úÖÔ∏èEBITDA Margin: ~25%

‚úÖÔ∏èNet Profit Margin: ~12.3%

‚úÖÔ∏èDebt-to-Equity Ratio: 0.4

‚úÖÔ∏èP/E Ratio: ~35x
#SaifAliKhanAttacked #MahaKumbh2025 #modi #IPOAlert #Maha","dependency on a few highvalue products makes the business vulnerable to demand fluctuations

key ratios

ebitda margin 25

net profit margin 123

debttoequity ratio 04

pe ratio 35x
saifalikhanattacked mahakumbh2025 modi ipoalert maha","['SaifAliKhanAttacked', 'MahaKumbh2025', 'modi', 'IPOAlert', 'Maha']",[],en,0,1,Unknown,0,0,Unknown,Unknown
1881264274154402304,2025-01-20 08:55:29+00:00,1870838696892616705,@Virend_Sachdeva @narendramodi @AmitShah @JPNadda @PandaJay @mansukhmandviya @BJP4Delhi Proud moment for India as our Kho Kho stars shine bright! üåü‚ù§Ô∏è BJP‚Äôs commitment to promoting sports is creating champions! üèÖüëè #KhoKhoChampions #KheloIndia #SportsForAll,       proud moment for india as our kho kho stars shine bright  bjps commitment to promoting sports is creating champions  khokhochampions kheloindia sportsforall,"['KhoKhoChampions', 'KheloIndia', 'SportsForAll']","['Virend_Sachdeva', 'narendramodi', 'AmitShah', 'JPNadda', 'PandaJay', 'mansukhmandviya', 'BJP4Delhi']",en,0,0,Unknown,0,0,Unknown,Unknown
1881264268206895528,2025-01-20 08:55:28+00:00,1293202998282186753,"‚úçÔ∏èStrengths:-

‚úÖÔ∏èDiversified portfolio across multiple high-growth segments.

‚úÖÔ∏èFocus on innovation &amp; R&amp;D-driven growth.

‚úÖÔ∏èEBITDA margins among the highest in the industry.

‚úçÔ∏èWeaknesses:-

‚úÖÔ∏èLimited focus on eco friendly, low GWP refrigerants compared to peers #modi","strengths

diversified portfolio across multiple highgrowth segments

focus on innovation amp rampddriven growth

ebitda margins among the highest in the industry

weaknesses

limited focus on eco friendly low gwp refrigerants compared to peers modi",['modi'],[],en,0,0,Unknown,0,0,Unknown,Unknown
1881264265367322773,2025-01-20 08:55:27+00:00,1821932422994522114,"@an__observer__ @EverydayFinance @ArtemisConsort There are Mexicans with names like ""Garcia"" ""Juan"" ""Hernandez"" etc that no one gives a flying fuck about in congress, yet its only an issue when an Indian names their kid with an Indian name. Plus their other two are named Ewan and Maribel",   there are mexicans with names like garcia juan hernandez etc that no one gives a flying fuck about in congress yet its only an issue when an indian names their kid with an indian name plus their other two are named ewan and maribel,[],"['an__observer__', 'EverydayFinance', 'ArtemisConsort']",en,0,0,Unknown,0,0,Unknown,Unknown
1881264256777412612,2025-01-20 08:55:25+00:00,1293202998282186753,"‚úçÔ∏èPeer Group Analysis:-

üëâStallion India Fluorochemicals operates in the highly competitive fluorochemicals industry

üëâIts primary competitors include Navin Fluorine International, SRF &amp; Gujarat Fluorochemicals, #modi 
#StallionIndiaIPO #SaifAliKhanAttacked #MahaKumbh2025 #modi","peer group analysis

stallion india fluorochemicals operates in the highly competitive fluorochemicals industry

its primary competitors include navin fluorine international srf amp gujarat fluorochemicals modi 
stallionindiaipo saifalikhanattacked mahakumbh2025 modi","['modi', 'StallionIndiaIPO', 'SaifAliKhanAttacked', 'MahaKumbh2025', 'modi']",[],en,0,0,Unknown,0,0,Unknown,Unknown
1881264253719691336,2025-01-20 08:55:24+00:00,1452305084575006722,"SC stays defamation case against Rahul Gandhi over Amit Shah remarks
#RahulGandhi #AmitShah #defamationcase

https://t.co/euzXEheHYu","sc stays defamation case against rahul gandhi over amit shah remarks
rahulgandhi amitshah defamationcase

","['RahulGandhi', 'AmitShah', 'defamationcase']",[],en,0,0,Unknown,0,0,Unknown,Unknown
1881264248694902910,2025-01-20 08:55:23+00:00,706709499856334848,"#WATCH | Uttarkashi: Uttarakhand Chief Minister Pushkar Singh Dhami attends a public meeting in favour of the BJP candidates for Uttarkashi municipal elections, in Uttarkashi.

CM Dhami says, ""Development work worth crores of rupees has been done in Uttarkashi...' https://t.co/Yxsg5nr2ED","watch  uttarkashi uttarakhand chief minister pushkar singh dhami attends a public meeting in favour of the bjp candidates for uttarkashi municipal elections in uttarkashi

cm dhami says development work worth crores of rupees has been done in uttarkashi ",['WATCH'],[],en,0,0,Unknown,0,0,Unknown,Unknown
1881264236950900996,2025-01-20 08:55:20+00:00,1604045737058111488,"This is an interesting read  üõ∏
#ufotwitter #UFO 

https://t.co/ENqz7LfGhX","this is an interesting read  
ufotwitter ufo 

","['ufotwitter', 'UFO']",[],en,0,0,Unknown,0,0,Unknown,Unknown
1881264232865673721,2025-01-20 08:55:19+00:00,1796785152187633665,@LaLONeill Executive orders are only temporary wins though since they will just be reversed by a future president. In order to make lasting change Congress would have to pass a law, executive orders are only temporary wins though since they will just be reversed by a future president in order to make lasting change congress would have to pass a law,[],['LaLONeill'],en,0,0,Unknown,0,0,Unknown,Unknown
1881264232706297958,2025-01-20 08:55:19+00:00,1423371457,"We‚Äôre not in the ‚Äò90s to blindly push for development while ignoring the climate change crisis!

What if #Chennai faces mass migration in the 2050s due to CC? What‚Äôs truly needed now?

Paid handles of #DMK #BJP üí¶

#ADMK #TVK #EPS #Vijay #Parandur https://t.co/ctRZsNHpAF","were not in the 90s to blindly push for development while ignoring the climate change crisis

what if chennai faces mass migration in the 2050s due to cc whats truly needed now

paid handles of dmk bjp 

admk tvk eps vijay parandur ","['Chennai', 'DMK', 'BJP', 'ADMK', 'TVK', 'EPS', 'Vijay', 'Parandur']",[],en,0,0,Unknown,0,0,Unknown,Unknown
1881264225781465402,2025-01-20 08:55:18+00:00,246207204,"@MikeDury even if it was, it will buy time till June at least. as for Tariffs, congress will not reclaim anything unless veto proof majority decide to battle with an incoming president.", even if it was it will buy time till june at least as for tariffs congress will not reclaim anything unless veto proof majority decide to battle with an incoming president,[],['MikeDury'],en,0,0,Unknown,0,0,Unknown,Unknown
1881264223462043665,2025-01-20 08:55:17+00:00,1293202998282186753,"üëâIncorporated in 2002, the company specializes in producing chemicals used in refrigeration, air conditioning &amp; pharmaceuticals. 

üëâWith over two decades of experience, Stallion focuses on innovation and compliance with global environmental standards
#IPOAlert #IPOListing #modi","incorporated in 2002 the company specializes in producing chemicals used in refrigeration air conditioning amp pharmaceuticals 

with over two decades of experience stallion focuses on innovation and compliance with global environmental standards
ipoalert ipolisting modi","['IPOAlert', 'IPOListing', 'modi']",[],en,0,0,Unknown,0,0,Unknown,Unknown
1881264221239013731,2025-01-20 08:55:17+00:00,1569626030993977344,@Asha_EK Common people will have their concerns and the project won't move frwd without solving it.But I really doubt Congress party's intentions here.They act like they are pioneers of development in state but is not even interested to solve any issues critically. https://t.co/LjB3aMHYBg, common people will have their concerns and the project wont move frwd without solving itbut i really doubt congress partys intentions herethey act like they are pioneers of development in state but is not even interested to solve any issues critically ,[],['Asha_EK'],en,0,0,Unknown,0,0,Unknown,Unknown
1881264220865741008,2025-01-20 08:55:17+00:00,75329265,@PriyankKharge This is y congress gets defeated every time these days. A guy with no qualification in the subject making fun of a guy who teaches at the highest level institute in the country., this is y congress gets defeated every time these days a guy with no qualification in the subject making fun of a guy who teaches at the highest level institute in the country,[],['PriyankKharge'],en,0,0,Unknown,0,0,Unknown,Unknown
1881264200942854362,2025-01-20 08:55:12+00:00,3285638360,"Notice how even though she's no longer in Congress, @CoriBush still can't bring herself to acknowledge she was greenlighting weapons. She tries to deflect by referring to it as voting for ""the bills,"" but @mtracey clearly caught her trying to spin her response. https://t.co/1dgcyTL1yz",notice how even though shes no longer in congress  still cant bring herself to acknowledge she was greenlighting weapons she tries to deflect by referring to it as voting for the bills but  clearly caught her trying to spin her response ,[],"['CoriBush', 'mtracey']",en,0,2,Unknown,0,0,Unknown,Unknown
1881264188481515893,2025-01-20 08:55:09+00:00,2408285269,"The government headed by DMK party, which shall have to co-operate co-ordinate with alliance congress party and other alliance political parties otherwise, probably the opponent/opposition political party will capture the power of seat in tamilnadu. Be cautious",the government headed by dmk party which shall have to cooperate coordinate with alliance congress party and other alliance political parties otherwise probably the opponentopposition political party will capture the power of seat in tamilnadu be cautious,[],[],en,0,0,Unknown,0,0,Unknown,Unknown
1881264170831687901,2025-01-20 08:55:05+00:00,1687471193178423296,"Remarks against Amit Shah: SC stays proceedings in defamation case against Rahul Gandhi

Edited video is available on PTI Videos (https://t.co/L2D7HH309u) #PTINewsAlerts #PTIVideos @PTI_News https://t.co/a0rVbyo9kS","remarks against amit shah sc stays proceedings in defamation case against rahul gandhi

edited video is available on pti videos  ptinewsalerts ptivideos  ","['PTINewsAlerts', 'PTIVideos']",['PTI_News'],en,0,0,Unknown,0,0,Unknown,Unknown
1881264158496493850,2025-01-20 08:55:02+00:00,1687005633273597952,@narayanantbjp You pl talk about subject of our mental IIT Director 's unscientific statement. Pl also talk about bjp ‚Çπ7.5 lakhs croes currption as per CAG report üò¢, you pl talk about subject of our mental iit director s unscientific statement pl also talk about bjp 75 lakhs croes currption as per cag report ,[],['narayanantbjp'],en,0,0,Unknown,0,0,Unknown,Unknown
1881264147557687338,2025-01-20 08:54:59+00:00,144164780,Rahul Gandhi who took birth to the foreign lady is a number one traitor as he announces fight against the sacred constitution of our country,rahul gandhi who took birth to the foreign lady is a number one traitor as he announces fight against the sacred constitution of our country,[],[],en,0,0,Unknown,0,0,Unknown,Unknown
1881264142818144304,2025-01-20 08:54:58+00:00,1071157159,@Rohit540073640t @vyasa1968 I Don't Think So. It's Like Winning Ballimaran &amp; Okhla For BJP Now.,  i dont think so its like winning ballimaran amp okhla for bjp now,[],"['Rohit540073640t', 'vyasa1968']",en,0,0,Unknown,0,0,Unknown,Unknown
1881264133229998305,2025-01-20 08:54:56+00:00,1780255701484326912,@MithilaWaala Disgraceful policing. Rahul Gandhi is dangerous for humanity, disgraceful policing rahul gandhi is dangerous for humanity,[],['MithilaWaala'],en,0,0,Unknown,0,0,Unknown,Unknown
1881264114137464943,2025-01-20 08:54:51+00:00,5548912,@whyteknight07 Even they expect BJP to work and not AAP, even they expect bjp to work and not aap,[],['whyteknight07'],en,0,0,Unknown,0,0,Unknown,Unknown
1881264108357779624,2025-01-20 08:54:50+00:00,1601040221826469888,"@ArvindKejriwal Its not bjp vs aap ,it's bjp vs dhruv rathi bhai ne akele hi bjp ko hila rakhh hai", its not bjp vs aap its bjp vs dhruv rathi bhai ne akele hi bjp ko hila rakhh hai,[],['ArvindKejriwal'],en,0,0,Unknown,0,0,Unknown,Unknown
1881264093392503070,2025-01-20 08:54:46+00:00,1300035906997555201,@AryanGa89504934 Lol newslaundary kabse neutral hone lagi wo Congress dalali journalist hai üòÇ, lol newslaundary kabse neutral hone lagi wo congress dalali journalist hai ,[],['AryanGa89504934'],en,0,0,Unknown,0,0,Unknown,Unknown
1881264083074437585,2025-01-20 08:54:44+00:00,1395334671811047425,@shaandelhite avoiding a direct fight with kejriwal will weaken the congress and give more power to the regional parties - already the media is promoting mamata and kejriwal - you are playing  into the hands of the RSS plan to kill an ideological alternative that congress offers, avoiding a direct fight with kejriwal will weaken the congress and give more power to the regional parties  already the media is promoting mamata and kejriwal  you are playing  into the hands of the rss plan to kill an ideological alternative that congress offers,[],['shaandelhite'],en,0,0,Unknown,0,0,Unknown,Unknown
1881264075549913593,2025-01-20 08:54:42+00:00,1814245274497306624,@ANI AAP is busy in documentary then solving the prob of delhi ppl., aap is busy in documentary then solving the prob of delhi ppl,[],['ANI'],en,0,0,Unknown,0,0,Unknown,Unknown
1881264069430366291,2025-01-20 08:54:41+00:00,1561926087541542913,"It's been almost 3 n half hours power has been disconnected at Ramnaresh Nagar, Road no 9, Till now power not restored, No clue why they disconnected till now #hyderabadpowercuts, #Congress @revanth_anumula",its been almost 3 n half hours power has been disconnected at ramnaresh nagar road no 9 till now power not restored no clue why they disconnected till now hyderabadpowercuts congress ,"['hyderabadpowercuts', 'Congress']",['revanth_anumula'],en,0,1,Unknown,0,0,Unknown,Unknown
1881264067656225110,2025-01-20 08:54:40+00:00,1732074072421330944,"Now Junior James Bond son runs a hedge fund in Cayman island which has Arab Sheikh and Qatar along with top BJP and Congress leaders as investors 

We saw his skills with Maulana Saad https://t.co/LiV4CVXn26","now junior james bond son runs a hedge fund in cayman island which has arab sheikh and qatar along with top bjp and congress leaders as investors 

we saw his skills with maulana saad ",[],[],en,0,0,Unknown,0,0,Unknown,Unknown
1881264059716362455,2025-01-20 08:54:38+00:00,1390736742,"‚ÄúIt‚Äôs the Congress party that has left India. India has not left the Congress party.‚Äù

Clearly, Congress has gone so off the rails under Sonia &amp; Rahul Gandhi, the odds of it getting back are the same as Gandhi‚Äôs contribution to India‚Äôs independence. Minimal. https://t.co/QF46Z8S78L","its the congress party that has left india india has not left the congress party

clearly congress has gone so off the rails under sonia amp rahul gandhi the odds of it getting back are the same as gandhis contribution to indias independence minimal ",[],[],en,0,0,Unknown,0,0,Unknown,Unknown
1881264047380910447,2025-01-20 08:54:35+00:00,135848667,"@Nher_who Infact Assam,Mizoram, tripura, Meghalaya also share Bangladesh  borders. But  @BJP4India  will only. Attack @MamataOfficial  they won't attack others cos they are bjp ruled states.", infact assammizoram tripura meghalaya also share bangladesh  borders but    will only attack   they wont attack others cos they are bjp ruled states,[],"['Nher_who', 'BJP4India', 'MamataOfficial']",en,1,1,Unknown,0,0,Unknown,Unknown
1881264043979366507,2025-01-20 08:54:34+00:00,1644687883641520129,"@DerelictTachyon @DefiyantlyFree @BreannaMorello We have to include Congress.
They are the sole authority over the Capitol Police.

How has Ashley Babbitt been made whole?","   we have to include congress
they are the sole authority over the capitol police

how has ashley babbitt been made whole",[],"['DerelictTachyon', 'DefiyantlyFree', 'BreannaMorello']",en,0,0,Unknown,0,0,Unknown,Unknown
1881264039462093128,2025-01-20 08:54:33+00:00,1498175844,"@MumbaichaDon He is a BJP stooge, high time Uddhav understood it", he is a bjp stooge high time uddhav understood it,[],['MumbaichaDon'],en,0,0,Unknown,0,0,Unknown,Unknown
1881264024387805507,2025-01-20 08:54:30+00:00,2464830932,@ndtv @mkstalin @Udhaystalin @iitmadras @RahulGandhi look what BJP is doing with the premiere education institutes of India. This is the sole reason why now IITians don‚Äôt get jobs.,     look what bjp is doing with the premiere education institutes of india this is the sole reason why now iitians dont get jobs,[],"['ndtv', 'mkstalin', 'Udhaystalin', 'iitmadras', 'RahulGandhi']",en,0,0,Unknown,0,0,Unknown,Unknown
1881264000232722546,2025-01-20 08:54:24+00:00,1655077538215895041,@ajeetbharti Ajeet ji this shows the apathy of BJP as well na?, ajeet ji this shows the apathy of bjp as well na,[],['ajeetbharti'],en,0,0,Unknown,0,0,Unknown,Unknown
1881263995270926811,2025-01-20 08:54:23+00:00,1037665330213085185,@The_Riyuu Aap to tubelight se bhi .......... ‚Ä¶‚Ä¶....... üò≥üò≥, aap to tubelight se bhi   ,[],['The_Riyuu'],en,0,0,Unknown,0,0,Unknown,Unknown
1881263990858469838,2025-01-20 08:54:22+00:00,1266608791,"Watch the documentary the BJP doesn't want you, before they ban it!
Unbreakable 
üëá
https://t.co/GoqPuJ1QZE","watch the documentary the bjp doesnt want you before they ban it
unbreakable 

",[],[],en,0,0,Unknown,0,0,Unknown,Unknown
1881263976220434715,2025-01-20 08:54:18+00:00,1870838696892616705,@BJP4Delhi @Virend_Sachdeva @yogenderchando1 BJP‚Äôs manifesto reflects genuine care for Delhi's citizens. A perfect balance of innovation and welfare! üåüü§ù #BJPDelhi2025 #VisionForDelhi,   bjps manifesto reflects genuine care for delhis citizens a perfect balance of innovation and welfare  bjpdelhi2025 visionfordelhi,"['BJPDelhi2025', 'VisionForDelhi']","['BJP4Delhi', 'Virend_Sachdeva', 'yogenderchando1']",en,0,0,Unknown,0,0,Unknown,Unknown
1881263975977066509,2025-01-20 08:54:18+00:00,1505217746522542085,"The Daily Signal - Republicans, It Is Time to Deliver Results
https://t.co/6pQJPxITAl","the daily signal  republicans it is time to deliver results
",[],[],en,0,0,Unknown,0,0,Unknown,Unknown
1881263960906977470,2025-01-20 08:54:15+00:00,1588617744203001856,Yes and every congress lover also https://t.co/0oGzVXbQCr,yes and every congress lover also ,[],[],en,0,0,Unknown,0,0,Unknown,Unknown
1881263953013281164,2025-01-20 08:54:13+00:00,305555125,Congress wants to deny Hindus the fundamental right to approach courts to reclaim their temples in the name of ‚Äòsecularism‚Äô: Here is how https://t.co/Xdwl2dv2OM via @OpIndia_com,congress wants to deny hindus the fundamental right to approach courts to reclaim their temples in the name of secularism here is how  via ,[],['OpIndia_com'],en,0,0,Unknown,0,0,Unknown,Unknown
1881263933060944245,2025-01-20 08:54:08+00:00,1596529008182697986,@its_The_Dr Shithead has a Free Get Out of Jail card if he says it in Congress or on the Senate floor. And he did more than that: Hang Him High and Mighty!, shithead has a free get out of jail card if he says it in congress or on the senate floor and he did more than that hang him high and mighty,[],['its_The_Dr'],en,0,0,Unknown,0,0,Unknown,Unknown
1881263888584638722,2025-01-20 08:53:57+00:00,1574670676354510848,@JasmineForUS Your in congress and this slow he's talking about the 2020 election being rigged so now he will be in office for the 2 events in 2026 and 2028 that he wouldn't have been president had he got the 2020 election sad when congress person is lacking comprehension, your in congress and this slow hes talking about the 2020 election being rigged so now he will be in office for the 2 events in 2026 and 2028 that he wouldnt have been president had he got the 2020 election sad when congress person is lacking comprehension,[],['JasmineForUS'],en,0,0,Unknown,0,0,Unknown,Unknown
1881263885350822006,2025-01-20 08:53:57+00:00,279684238,"@JohnPloeg1 @TrumpDailyPolls He did his duty protecting a Congress fearful for their lives, had no idea if those trying to break down the final doors were armed. Babbitt would be alive if not brainwashed by Trump's lies about the election. FBI agents alongside Babbitt is yet more pathetic conspiratorial crap",  he did his duty protecting a congress fearful for their lives had no idea if those trying to break down the final doors were armed babbitt would be alive if not brainwashed by trumps lies about the election fbi agents alongside babbitt is yet more pathetic conspiratorial crap,[],"['JohnPloeg1', 'TrumpDailyPolls']",en,0,0,Unknown,0,0,Unknown,Unknown
1881263880611234239,2025-01-20 08:53:55+00:00,1149753400105549824,@ShuklaRajiv Congress ü§ù BJP, congress  bjp,[],['ShuklaRajiv'],en,0,0,Unknown,0,0,Unknown,Unknown
1881263865041993979,2025-01-20 08:53:52+00:00,299033735,"@DealsDhamaka Whole India is feeling same as Delhi ppl
Huge promises &amp; not up to expectations.
While BJP is meeting somethings but cost of those r too high for ppl
And d religion agenda which they run, they don't seem to deliver there either &amp; they'r breaking ppl's backs by layers of taxation"," whole india is feeling same as delhi ppl
huge promises amp not up to expectations
while bjp is meeting somethings but cost of those r too high for ppl
and d religion agenda which they run they dont seem to deliver there either amp theyr breaking ppls backs by layers of taxation",[],['DealsDhamaka'],en,0,0,Unknown,0,0,Unknown,Unknown
1881263853352419607,2025-01-20 08:53:49+00:00,1559884302128926720,"@ViralRightist @mohitlaws During Lok sabha he was demand of other parties,now it's crystal clear after his weak campaign in LOK SABHA that these parties are fraud and don't want to fight BJP but just want to save their state governments ü§∑

So it's only Congress and few other allies like RJD,DMKüòä","  during lok sabha he was demand of other partiesnow its crystal clear after his weak campaign in lok sabha that these parties are fraud and dont want to fight bjp but just want to save their state governments 

so its only congress and few other allies like rjddmk",[],"['ViralRightist', 'mohitlaws']",en,0,0,Unknown,0,0,Unknown,Unknown
1881263846838718947,2025-01-20 08:53:47+00:00,1233198137520611329,"@BeingSalmanKhan yes hubby, I jst had lunch, did you have? Kal beef kalegi bani thi, It's so tasty pata nahi aap ne kabhi khaya bhi hai k nhi, now i would take some rest,kahin jana chahiye in this weather, another house ka plan bna rahi thi my niece n me bt aap paise bhej doh toh", yes hubby i jst had lunch did you have kal beef kalegi bani thi its so tasty pata nahi aap ne kabhi khaya bhi hai k nhi now i would take some restkahin jana chahiye in this weather another house ka plan bna rahi thi my niece n me bt aap paise bhej doh toh,[],['BeingSalmanKhan'],en,0,0,Unknown,0,0,Unknown,Unknown
1881263832057991211,2025-01-20 08:53:44+00:00,539958881,"@PauliJuare When I first ran for Congress,. 1", when i first ran for congress 1,[],['PauliJuare'],en,0,0,Unknown,0,0,Unknown,Unknown
1881263823912681826,2025-01-20 08:53:42+00:00,1879498859333971968,"@NupurSharmaBJP PMAY (Pradhan Mantri Awas Yojana) - Gramin: Under this scheme, the BJP government has focused on providing affordable housing to rural families, improving living conditions, and addressing housing shortages.", pmay pradhan mantri awas yojana  gramin under this scheme the bjp government has focused on providing affordable housing to rural families improving living conditions and addressing housing shortages,[],['NupurSharmaBJP'],en,0,0,Unknown,0,0,Unknown,Unknown
1881263816740339728,2025-01-20 08:53:40+00:00,54435400,"@ashwinmahesh @krishnabgowda @BSBommai @Jasmine441 What is AAP's model for Punjab? Saw a full page advert in yesterday's TOI Bengaluru by the Punjab CM claiming 300+ free school buses for the girl child across districts as a major achievement. 
Was this in the manifesto? Has feedback from the beneficiaries been sought &amp; analysed?","    what is aaps model for punjab saw a full page advert in yesterdays toi bengaluru by the punjab cm claiming 300 free school buses for the girl child across districts as a major achievement 
was this in the manifesto has feedback from the beneficiaries been sought amp analysed",[],"['ashwinmahesh', 'krishnabgowda', 'BSBommai', 'Jasmine441']",en,0,0,Unknown,0,0,Unknown,Unknown
1881263816249684330,2025-01-20 08:53:40+00:00,46862205,@NVmoderatedem I am cool with the crazies leaving US Congress to run for a role in their state government. The state can decide if they want them or not., i am cool with the crazies leaving us congress to run for a role in their state government the state can decide if they want them or not,[],['NVmoderatedem'],en,0,0,Unknown,0,0,Unknown,Unknown
1881263807735140554,2025-01-20 08:53:38+00:00,1740349695292047360,@Prathyushaa23 First of all tell me why did you tag that batahi sagar that guy 24/7 cry‚Äôs on brs working president can‚Äôt you see bjp bathais openly supporting congress sm and you are asking them to connect with brs sm who are you even https://t.co/W3zCaUE7Ge, first of all tell me why did you tag that batahi sagar that guy 247 crys on brs working president cant you see bjp bathais openly supporting congress sm and you are asking them to connect with brs sm who are you even ,[],['Prathyushaa23'],en,0,0,Unknown,0,0,Unknown,Unknown
1881263784104464833,2025-01-20 08:53:32+00:00,1802731170695892992,"@MrSinha_ You are taking money from BJP is not problem for you. You keeping quiet when china acquired 38K KM from India.

How can you expect something from others when you are neutral?

Don‚Äôt be stupid Sinha"," you are taking money from bjp is not problem for you you keeping quiet when china acquired 38k km from india

how can you expect something from others when you are neutral

dont be stupid sinha",[],['MrSinha_'],en,0,0,Unknown,0,0,Unknown,Unknown
1881263756459585876,2025-01-20 08:53:26+00:00,2408285269,The congress party workers and sympathisers of congress party are dissatisfied with DMK government and his associate of ministers. The seat sharing will have to be liberalised and mutual relationship should be maintained among alliance political parties.,the congress party workers and sympathisers of congress party are dissatisfied with dmk government and his associate of ministers the seat sharing will have to be liberalised and mutual relationship should be maintained among alliance political parties,[],[],en,0,1,Unknown,0,0,Unknown,Unknown
